"original_path","new_path","size_bytes","last_modified"
"longhubang.db","database_files/longhubang.db","1167360","2026-01-25T14:25:02.2422630Z"
"low_price_bull_monitor.db","database_files/low_price_bull_monitor.db","20480","2026-01-26T14:16:42.3924754Z"
"main_force_batch.db","database_files/main_force_batch.db","7094272","2026-01-20T13:29:53.3314657Z"
"portfolio_stocks.db","database_files/portfolio_stocks.db","28672","2026-01-20T14:37:33.1472707Z"
"profit_growth_monitor.db","database_files/profit_growth_monitor.db","20480","2026-01-20T13:29:53.3434515Z"
"sector_strategy.db","database_files/sector_strategy.db","372736","2026-01-25T11:47:31.7143889Z"
"smart_monitor.db","database_files/smart_monitor.db","315392","2026-01-20T13:29:53.3543390Z"
"stock_analysis.db","database_files/stock_analysis.db","23085056","2026-01-26T14:47:26.4615822Z"
"stock_monitor.db","database_files/stock_monitor.db","20480","2026-01-26T13:52:45.5930608Z"
